Run,Assay Type,AvgSpotLen,Bases,BioProject,BioSample,Bytes,Center Name,Consent,Cultivar,DATASTORE filetype,DATASTORE provider,DATASTORE region,Experiment,experiment_type,GEO_Accession (exp),Instrument,LibraryLayout,LibrarySelection,LibrarySource,Organism,Platform,ReleaseDate,create_date,version,Sample Name,source_name,SRA Study,tissue,Line,molecule_subtype
SRR8763799,RNA-Seq,50,2271280250,PRJNA528488,SAMN11191825,780136511,GEO,public,Oryza sativa japonica cv Nipponbare,"fastq,run.zq,sra","gs,ncbi,s3","gs.us-east1,ncbi.public,s3.us-east-1",SRX5554384,Random primed libraries,GSM3682415,Illumina HiSeq 3000,SINGLE,cDNA,TRANSCRIPTOMIC,Oryza sativa Japonica Group,ILLUMINA,2019-09-20T00:00:00Z,2019-03-21T15:27:00Z,1,GSM3682415,7 days-old seedling 1 cm roots tips,SRP189094,7 days-old seedling 1 cm roots tips,35S:OsNTF2-7,nuclear RNA
SRR8763800,RNA-Seq,50,2343814200,PRJNA528488,SAMN11191824,807431304,GEO,public,Oryza sativa japonica cv Nipponbare,"fastq,run.zq,sra","gs,ncbi,s3","gs.us-east1,ncbi.public,s3.us-east-1",SRX5554385,Random primed libraries,GSM3682416,Illumina HiSeq 3000,SINGLE,cDNA,TRANSCRIPTOMIC,Oryza sativa Japonica Group,ILLUMINA,2019-09-20T00:00:00Z,2019-03-21T15:26:00Z,1,GSM3682416,7 days-old seedling 1 cm roots tips,SRP189094,7 days-old seedling 1 cm roots tips,35S:OsNTF2-7,nuclear RNA
SRR8763801,RNA-Seq,50,2642724250,PRJNA528488,SAMN11191823,906302434,GEO,public,Oryza sativa japonica cv Nipponbare,"fastq,run.zq,sra","gs,ncbi,s3","gs.us-east1,ncbi.public,s3.us-east-1",SRX5554386,Random primed libraries,GSM3682417,Illumina HiSeq 3000,SINGLE,cDNA,TRANSCRIPTOMIC,Oryza sativa Japonica Group,ILLUMINA,2019-09-20T00:00:00Z,2019-03-21T15:34:00Z,1,GSM3682417,7 days-old seedling 1 cm roots tips,SRP189094,7 days-old seedling 1 cm roots tips,35S:OsNTF2-7,nuclear RNA
SRR8763802,RNA-Seq,50,1528816300,PRJNA528488,SAMN11191822,521616983,GEO,public,Oryza sativa japonica cv Nipponbare,"fastq,run.zq,sra","gs,ncbi,s3","gs.us-east1,ncbi.public,s3.us-east-1",SRX5554387,Random primed libraries,GSM3682418,Illumina HiSeq 3000,SINGLE,cDNA,TRANSCRIPTOMIC,Oryza sativa Japonica Group,ILLUMINA,2019-09-20T00:00:00Z,2019-03-21T15:23:00Z,1,GSM3682418,7 days-old seedling 1 cm roots tips,SRP189094,7 days-old seedling 1 cm roots tips,35S:OsNTF2-7,nuclear RNA
SRR8763803,RNA-Seq,50,1595720050,PRJNA528488,SAMN11191821,547038177,GEO,public,Oryza sativa japonica cv Nipponbare,"fastq,run.zq,sra","gs,ncbi,s3","gs.us-east1,ncbi.public,s3.us-east-1",SRX5554388,Random primed libraries,GSM3682419,Illumina HiSeq 3000,SINGLE,cDNA,TRANSCRIPTOMIC,Oryza sativa Japonica Group,ILLUMINA,2019-09-20T00:00:00Z,2019-03-21T15:24:00Z,1,GSM3682419,7 days-old seedling 1 cm roots tips,SRP189094,7 days-old seedling 1 cm roots tips,35S:OsNTF2-7,nuclear RNA
SRR8763804,RNA-Seq,50,1543647400,PRJNA528488,SAMN11191820,528286773,GEO,public,Oryza sativa japonica cv Nipponbare,"fastq,run.zq,sra","gs,ncbi,s3","gs.us-east1,ncbi.public,s3.us-east-1",SRX5554389,Random primed libraries,GSM3682420,Illumina HiSeq 3000,SINGLE,cDNA,TRANSCRIPTOMIC,Oryza sativa Japonica Group,ILLUMINA,2019-09-20T00:00:00Z,2019-03-21T15:23:00Z,1,GSM3682420,7 days-old seedling 1 cm roots tips,SRP189094,7 days-old seedling 1 cm roots tips,35S:OsNTF2-7,nuclear RNA
SRR8763805,RNA-Seq,50,1522992000,PRJNA528488,SAMN11191819,521452510,GEO,public,Oryza sativa japonica cv Nipponbare,"fastq,run.zq,sra","gs,ncbi,s3","gs.us-east1,ncbi.public,s3.us-east-1",SRX5554390,Random primed libraries,GSM3682421,Illumina HiSeq 3000,SINGLE,cDNA,TRANSCRIPTOMIC,Oryza sativa Japonica Group,ILLUMINA,2019-09-20T00:00:00Z,2019-03-21T15:24:00Z,1,GSM3682421,7 days-old seedling 1 cm roots tips,SRP189094,7 days-old seedling 1 cm roots tips,35S:OsNTF2-7,nuclear RNA
SRR8763806,RNA-Seq,50,1902031050,PRJNA528488,SAMN11191818,655051713,GEO,public,Oryza sativa japonica cv Nipponbare,"fastq,run.zq,sra","gs,ncbi,s3","gs.us-east1,ncbi.public,s3.us-east-1",SRX5554391,Random primed libraries,GSM3682422,Illumina HiSeq 3000,SINGLE,cDNA,TRANSCRIPTOMIC,Oryza sativa Japonica Group,ILLUMINA,2019-09-20T00:00:00Z,2019-03-21T15:26:00Z,1,GSM3682422,7 days-old seedling 1 cm roots tips,SRP189094,7 days-old seedling 1 cm roots tips,35S:OsNTF2-7,nuclear RNA
SRR8763807,RNA-Seq,50,2064266150,PRJNA528488,SAMN11191817,995103864,GEO,public,Oryza sativa japonica cv Nipponbare,"fastq,run.zq,sra","gs,ncbi,s3","gs.us-east1,ncbi.public,s3.us-east-1",SRX5554392,Random primed libraries,GSM3682423,Illumina HiSeq 3000,SINGLE,cDNA,TRANSCRIPTOMIC,Oryza sativa Japonica Group,ILLUMINA,2019-09-20T00:00:00Z,2019-03-21T15:27:00Z,1,GSM3682423,7 days-old seedling 1 cm roots tips,SRP189094,7 days-old seedling 1 cm roots tips,35S:His6-FLAG:OsRPL18-2,polyA RNA
SRR8763808,RNA-Seq,50,2295706650,PRJNA528488,SAMN11191816,1111347700,GEO,public,Oryza sativa japonica cv Nipponbare,"fastq,run.zq,sra","gs,ncbi,s3","gs.us-east1,ncbi.public,s3.us-east-1",SRX5554393,Random primed libraries,GSM3682424,Illumina HiSeq 3000,SINGLE,cDNA,TRANSCRIPTOMIC,Oryza sativa Japonica Group,ILLUMINA,2019-09-20T00:00:00Z,2019-03-21T15:29:00Z,1,GSM3682424,7 days-old seedling 1 cm roots tips,SRP189094,7 days-old seedling 1 cm roots tips,35S:His6-FLAG:OsRPL18-2,polyA RNA
SRR8763809,RNA-Seq,50,1230882350,PRJNA528488,SAMN11191815,598568364,GEO,public,Oryza sativa japonica cv Nipponbare,"fastq,run.zq,sra","gs,ncbi,s3","gs.us-east1,ncbi.public,s3.us-east-1",SRX5554394,Random primed libraries,GSM3682425,Illumina HiSeq 3000,SINGLE,cDNA,TRANSCRIPTOMIC,Oryza sativa Japonica Group,ILLUMINA,2019-09-20T00:00:00Z,2019-03-21T15:22:00Z,1,GSM3682425,7 days-old seedling 1 cm roots tips,SRP189094,7 days-old seedling 1 cm roots tips,35S:His6-FLAG:OsRPL18-2,polyA RNA
SRR8763810,RNA-Seq,50,1438052300,PRJNA528488,SAMN11191814,697306892,GEO,public,Oryza sativa japonica cv Nipponbare,"fastq,run.zq,sra","gs,ncbi,s3","gs.us-east1,ncbi.public,s3.us-east-1",SRX5554395,Random primed libraries,GSM3682426,Illumina HiSeq 3000,SINGLE,cDNA,TRANSCRIPTOMIC,Oryza sativa Japonica Group,ILLUMINA,2019-09-20T00:00:00Z,2019-03-21T15:23:00Z,1,GSM3682426,7 days-old seedling 1 cm roots tips,SRP189094,7 days-old seedling 1 cm roots tips,35S:His6-FLAG:OsRPL18-2,polyA RNA
SRR8763811,RNA-Seq,50,1849496450,PRJNA528488,SAMN11191813,867450569,GEO,public,Oryza sativa japonica cv Nipponbare,"fastq,run.zq,sra","gs,ncbi,s3","gs.us-east1,ncbi.public,s3.us-east-1",SRX5554396,Random primed libraries,GSM3682427,Illumina HiSeq 3000,SINGLE,cDNA,TRANSCRIPTOMIC,Oryza sativa Japonica Group,ILLUMINA,2019-09-20T00:00:00Z,2019-03-21T15:25:00Z,1,GSM3682427,7 days-old seedling 1 cm roots tips,SRP189094,7 days-old seedling 1 cm roots tips,35S:His6-FLAG:OsRPL18-2,polyA RNA
SRR8763812,RNA-Seq,50,1495713600,PRJNA528488,SAMN11191812,701336506,GEO,public,Oryza sativa japonica cv Nipponbare,"fastq,run.zq,sra","gs,ncbi,s3","gs.us-east1,ncbi.public,s3.us-east-1",SRX5554397,Random primed libraries,GSM3682428,Illumina HiSeq 3000,SINGLE,cDNA,TRANSCRIPTOMIC,Oryza sativa Japonica Group,ILLUMINA,2019-09-20T00:00:00Z,2019-03-21T15:23:00Z,1,GSM3682428,7 days-old seedling 1 cm roots tips,SRP189094,7 days-old seedling 1 cm roots tips,35S:His6-FLAG:OsRPL18-2,polyA RNA
SRR8763813,RNA-Seq,50,1913706550,PRJNA528488,SAMN11191811,895045540,GEO,public,Oryza sativa japonica cv Nipponbare,"fastq,run.zq,sra","gs,ncbi,s3","gs.us-east1,ncbi.public,s3.us-east-1",SRX5554398,Random primed libraries,GSM3682429,Illumina HiSeq 3000,SINGLE,cDNA,TRANSCRIPTOMIC,Oryza sativa Japonica Group,ILLUMINA,2019-09-20T00:00:00Z,2019-03-21T15:26:00Z,1,GSM3682429,7 days-old seedling 1 cm roots tips,SRP189094,7 days-old seedling 1 cm roots tips,35S:His6-FLAG:OsRPL18-2,polyA RNA
SRR8763814,RNA-Seq,50,1631219750,PRJNA528488,SAMN11191810,764415152,GEO,public,Oryza sativa japonica cv Nipponbare,"fastq,run.zq,sra","gs,ncbi,s3","gs.us-east1,ncbi.public,s3.us-east-1",SRX5554399,Random primed libraries,GSM3682430,Illumina HiSeq 3000,SINGLE,cDNA,TRANSCRIPTOMIC,Oryza sativa Japonica Group,ILLUMINA,2019-09-20T00:00:00Z,2019-03-21T15:26:00Z,1,GSM3682430,7 days-old seedling 1 cm roots tips,SRP189094,7 days-old seedling 1 cm roots tips,35S:His6-FLAG:OsRPL18-2,polyA RNA
SRR8763815,RNA-Seq,50,1612041700,PRJNA528488,SAMN11191809,783595675,GEO,public,Oryza sativa japonica cv Nipponbare,"fastq,run.zq,sra","gs,ncbi,s3","gs.us-east1,ncbi.public,s3.us-east-1",SRX5554400,Random primed libraries,GSM3682431,Illumina HiSeq 3000,SINGLE,cDNA,TRANSCRIPTOMIC,Oryza sativa Japonica Group,ILLUMINA,2019-09-20T00:00:00Z,2019-03-21T15:24:00Z,1,GSM3682431,7 days-old seedling 1 cm roots tips,SRP189094,7 days-old seedling 1 cm roots tips,35S:His6:FLAG:OsRPL18-2,TRAP RNA
SRR8763816,RNA-Seq,50,1467290400,PRJNA528488,SAMN11191808,715819030,GEO,public,Oryza sativa japonica cv Nipponbare,"fastq,run.zq,sra","gs,ncbi,s3","gs.us-east1,ncbi.public,s3.us-east-1",SRX5554401,Random primed libraries,GSM3682432,Illumina HiSeq 3000,SINGLE,cDNA,TRANSCRIPTOMIC,Oryza sativa Japonica Group,ILLUMINA,2019-09-20T00:00:00Z,2019-03-21T15:23:00Z,1,GSM3682432,7 days-old seedling 1 cm roots tips,SRP189094,7 days-old seedling 1 cm roots tips,35S:His6:FLAG:OsRPL18-2,TRAP RNA
SRR8763817,RNA-Seq,50,1691207100,PRJNA528488,SAMN11191807,833143566,GEO,public,Oryza sativa japonica cv Nipponbare,"fastq,run.zq,sra","gs,ncbi,s3","gs.us-east1,ncbi.public,s3.us-east-1",SRX5554402,Random primed libraries,GSM3682433,Illumina HiSeq 3000,SINGLE,cDNA,TRANSCRIPTOMIC,Oryza sativa Japonica Group,ILLUMINA,2019-09-20T00:00:00Z,2019-03-21T15:24:00Z,1,GSM3682433,7 days-old seedling 1 cm roots tips,SRP189094,7 days-old seedling 1 cm roots tips,35S:His6:FLAG:OsRPL18-2,TRAP RNA
SRR8763818,RNA-Seq,50,1692621000,PRJNA528488,SAMN11191806,828497343,GEO,public,Oryza sativa japonica cv Nipponbare,"fastq,run.zq,sra","gs,ncbi,s3","gs.us-east1,ncbi.public,s3.us-east-1",SRX5554403,Random primed libraries,GSM3682434,Illumina HiSeq 3000,SINGLE,cDNA,TRANSCRIPTOMIC,Oryza sativa Japonica Group,ILLUMINA,2019-09-20T00:00:00Z,2019-03-21T15:24:00Z,1,GSM3682434,7 days-old seedling 1 cm roots tips,SRP189094,7 days-old seedling 1 cm roots tips,35S:His6:FLAG:OsRPL18-2,TRAP RNA
SRR8763819,RNA-Seq,50,2048203900,PRJNA528488,SAMN11191805,962959126,GEO,public,Oryza sativa japonica cv Nipponbare,"fastq,run.zq,sra","gs,ncbi,s3","gs.us-east1,ncbi.public,s3.us-east-1",SRX5554404,Random primed libraries,GSM3682435,Illumina HiSeq 3000,SINGLE,cDNA,TRANSCRIPTOMIC,Oryza sativa Japonica Group,ILLUMINA,2019-09-20T00:00:00Z,2019-03-21T15:26:00Z,1,GSM3682435,7 days-old seedling 1 cm roots tips,SRP189094,7 days-old seedling 1 cm roots tips,35S:His6:FLAG:OsRPL18-2,TRAP RNA
SRR8763820,RNA-Seq,50,1875231600,PRJNA528488,SAMN11191804,884984610,GEO,public,Oryza sativa japonica cv Nipponbare,"fastq,run.zq,sra","gs,ncbi,s3","gs.us-east1,ncbi.public,s3.us-east-1",SRX5554405,Random primed libraries,GSM3682436,Illumina HiSeq 3000,SINGLE,cDNA,TRANSCRIPTOMIC,Oryza sativa Japonica Group,ILLUMINA,2019-09-20T00:00:00Z,2019-03-21T15:25:00Z,1,GSM3682436,7 days-old seedling 1 cm roots tips,SRP189094,7 days-old seedling 1 cm roots tips,35S:His6:FLAG:OsRPL18-2,TRAP RNA
SRR8763821,RNA-Seq,50,1599861000,PRJNA528488,SAMN11191803,760776045,GEO,public,Oryza sativa japonica cv Nipponbare,"fastq,run.zq,sra","gs,ncbi,s3","gs.us-east1,ncbi.public,s3.us-east-1",SRX5554406,Random primed libraries,GSM3682437,Illumina HiSeq 3000,SINGLE,cDNA,TRANSCRIPTOMIC,Oryza sativa Japonica Group,ILLUMINA,2019-09-20T00:00:00Z,2019-03-21T15:25:00Z,1,GSM3682437,7 days-old seedling 1 cm roots tips,SRP189094,7 days-old seedling 1 cm roots tips,35S:His6:FLAG:OsRPL18-2,TRAP RNA
SRR8763822,RNA-Seq,50,1171280800,PRJNA528488,SAMN11191802,552438142,GEO,public,Oryza sativa japonica cv Nipponbare,"fastq,run.zq,sra","gs,ncbi,s3","gs.us-east1,ncbi.public,s3.us-east-1",SRX5554407,Random primed libraries,GSM3682438,Illumina HiSeq 3000,SINGLE,cDNA,TRANSCRIPTOMIC,Oryza sativa Japonica Group,ILLUMINA,2019-09-20T00:00:00Z,2019-03-21T15:21:00Z,1,GSM3682438,7 days-old seedling 1 cm roots tips,SRP189094,7 days-old seedling 1 cm roots tips,35S:His6:FLAG:OsRPL18-2,TRAP RNA
SRR8763823,RNA-Seq,51,1787780673,PRJNA528488,SAMN11191860,608597155,GEO,public,Oryza sativa japonica cv Nipponbare,"fastq,run.zq,sra","gs,ncbi,s3","gs.us-east1,ncbi.public,s3.us-east-1",SRX5554408,Ribosome footprints,GSM3682439,Illumina HiSeq 3000,SINGLE,cDNA,TRANSCRIPTOMIC,Oryza sativa Japonica Group,ILLUMINA,2019-09-20T00:00:00Z,2019-03-21T15:24:00Z,1,GSM3682439,7 days-old seedling 1 cm roots tips,SRP189094,7 days-old seedling 1 cm roots tips,35S:His6:FLAG:OsRPL18-2,Riboseq RNA
SRR8763824,RNA-Seq,50,2261236600,PRJNA528488,SAMN11191860,709582773,GEO,public,Oryza sativa japonica cv Nipponbare,"fastq,run.zq,sra","gs,ncbi,s3","gs.us-east1,ncbi.public,s3.us-east-1",SRX5554408,Ribosome footprints,GSM3682439,Illumina HiSeq 3000,SINGLE,cDNA,TRANSCRIPTOMIC,Oryza sativa Japonica Group,ILLUMINA,2019-09-20T00:00:00Z,2019-03-21T15:27:00Z,1,GSM3682439,7 days-old seedling 1 cm roots tips,SRP189094,7 days-old seedling 1 cm roots tips,35S:His6:FLAG:OsRPL18-2,Riboseq RNA
SRR8763825,RNA-Seq,51,2186027688,PRJNA528488,SAMN11191859,738945627,GEO,public,Oryza sativa japonica cv Nipponbare,"fastq,run.zq,sra","gs,ncbi,s3","gs.us-east1,ncbi.public,s3.us-east-1",SRX5554409,Ribosome footprints,GSM3682440,Illumina HiSeq 3000,SINGLE,cDNA,TRANSCRIPTOMIC,Oryza sativa Japonica Group,ILLUMINA,2019-09-20T00:00:00Z,2019-03-21T15:27:00Z,1,GSM3682440,7 days-old seedling 1 cm roots tips,SRP189094,7 days-old seedling 1 cm roots tips,35S:His6:FLAG:OsRPL18-2,Riboseq RNA
SRR8763826,RNA-Seq,50,2962905950,PRJNA528488,SAMN11191859,926940968,GEO,public,Oryza sativa japonica cv Nipponbare,"fastq,run.zq,sra","gs,ncbi,s3","gs.us-east1,ncbi.public,s3.us-east-1",SRX5554409,Ribosome footprints,GSM3682440,Illumina HiSeq 3000,SINGLE,cDNA,TRANSCRIPTOMIC,Oryza sativa Japonica Group,ILLUMINA,2019-09-20T00:00:00Z,2019-03-21T15:31:00Z,1,GSM3682440,7 days-old seedling 1 cm roots tips,SRP189094,7 days-old seedling 1 cm roots tips,35S:His6:FLAG:OsRPL18-2,Riboseq RNA
SRR8763827,RNA-Seq,51,1923747030,PRJNA528488,SAMN11191712,657795762,GEO,public,Oryza sativa japonica cv Nipponbare,"fastq,run.zq,sra","gs,ncbi,s3","gs.us-east1,ncbi.public,s3.us-east-1",SRX5554410,Ribosome footprints,GSM3682441,Illumina HiSeq 3000,SINGLE,cDNA,TRANSCRIPTOMIC,Oryza sativa Japonica Group,ILLUMINA,2019-09-20T00:00:00Z,2019-03-21T15:26:00Z,1,GSM3682441,7 days-old seedling 1 cm roots tips,SRP189094,7 days-old seedling 1 cm roots tips,35S:His6:FLAG:OsRPL18-2,Riboseq RNA
SRR8763828,RNA-Seq,50,2352612600,PRJNA528488,SAMN11191712,741487103,GEO,public,Oryza sativa japonica cv Nipponbare,"fastq,run.zq,sra","gs,ncbi,s3","gs.us-east1,ncbi.public,s3.us-east-1",SRX5554410,Ribosome footprints,GSM3682441,Illumina HiSeq 3000,SINGLE,cDNA,TRANSCRIPTOMIC,Oryza sativa Japonica Group,ILLUMINA,2019-09-20T00:00:00Z,2019-03-21T15:27:00Z,1,GSM3682441,7 days-old seedling 1 cm roots tips,SRP189094,7 days-old seedling 1 cm roots tips,35S:His6:FLAG:OsRPL18-2,Riboseq RNA
SRR8763829,RNA-Seq,51,1967306895,PRJNA528488,SAMN11191711,666294485,GEO,public,Oryza sativa japonica cv Nipponbare,"fastq,run.zq,sra","gs,ncbi,s3","gs.us-east1,ncbi.public,s3.us-east-1",SRX5554411,Ribosome footprints,GSM3682442,Illumina HiSeq 3000,SINGLE,cDNA,TRANSCRIPTOMIC,Oryza sativa Japonica Group,ILLUMINA,2019-09-20T00:00:00Z,2019-03-21T15:27:00Z,1,GSM3682442,7 days-old seedling 1 cm roots tips,SRP189094,7 days-old seedling 1 cm roots tips,35S:His6:FLAG:OsRPL18-2,Riboseq RNA
SRR8763830,RNA-Seq,50,2549293050,PRJNA528488,SAMN11191711,796948020,GEO,public,Oryza sativa japonica cv Nipponbare,"fastq,run.zq,sra","gs,ncbi,s3","gs.us-east1,ncbi.public,s3.us-east-1",SRX5554411,Ribosome footprints,GSM3682442,Illumina HiSeq 3000,SINGLE,cDNA,TRANSCRIPTOMIC,Oryza sativa Japonica Group,ILLUMINA,2019-09-20T00:00:00Z,2019-03-21T15:28:00Z,1,GSM3682442,7 days-old seedling 1 cm roots tips,SRP189094,7 days-old seedling 1 cm roots tips,35S:His6:FLAG:OsRPL18-2,Riboseq RNA
SRR8763831,RNA-Seq,51,1635173169,PRJNA528488,SAMN11191710,559037539,GEO,public,Oryza sativa japonica cv Nipponbare,"fastq,run.zq,sra","gs,ncbi,s3","gs.us-east1,ncbi.public,s3.us-east-1",SRX5554412,Ribosome footprints,GSM3682443,Illumina HiSeq 3000,SINGLE,cDNA,TRANSCRIPTOMIC,Oryza sativa Japonica Group,ILLUMINA,2019-09-20T00:00:00Z,2019-03-21T15:24:00Z,1,GSM3682443,7 days-old seedling 1 cm roots tips,SRP189094,7 days-old seedling 1 cm roots tips,35S:His6:FLAG:OsRPL18-2,Riboseq RNA
SRR8763832,RNA-Seq,50,2239243550,PRJNA528488,SAMN11191710,705024776,GEO,public,Oryza sativa japonica cv Nipponbare,"fastq,run.zq,sra","gs,ncbi,s3","gs.us-east1,ncbi.public,s3.us-east-1",SRX5554412,Ribosome footprints,GSM3682443,Illumina HiSeq 3000,SINGLE,cDNA,TRANSCRIPTOMIC,Oryza sativa Japonica Group,ILLUMINA,2019-09-20T00:00:00Z,2019-03-21T15:28:00Z,1,GSM3682443,7 days-old seedling 1 cm roots tips,SRP189094,7 days-old seedling 1 cm roots tips,35S:His6:FLAG:OsRPL18-2,Riboseq RNA
SRR8763833,RNA-Seq,51,1716987471,PRJNA528488,SAMN11191709,588147310,GEO,public,Oryza sativa japonica cv Nipponbare,"fastq,run.zq,sra","gs,ncbi,s3","gs.us-east1,ncbi.public,s3.us-east-1",SRX5554413,Ribosome footprints,GSM3682444,Illumina HiSeq 3000,SINGLE,cDNA,TRANSCRIPTOMIC,Oryza sativa Japonica Group,ILLUMINA,2019-09-20T00:00:00Z,2019-03-21T15:24:00Z,1,GSM3682444,7 days-old seedling 1 cm roots tips,SRP189094,7 days-old seedling 1 cm roots tips,35S:His6:FLAG:OsRPL18-2,Riboseq RNA
SRR8763834,RNA-Seq,50,2588860600,PRJNA528488,SAMN11191709,817750894,GEO,public,Oryza sativa japonica cv Nipponbare,"fastq,run.zq,sra","gs,ncbi,s3","gs.us-east1,ncbi.public,s3.us-east-1",SRX5554413,Ribosome footprints,GSM3682444,Illumina HiSeq 3000,SINGLE,cDNA,TRANSCRIPTOMIC,Oryza sativa Japonica Group,ILLUMINA,2019-09-20T00:00:00Z,2019-03-21T15:31:00Z,1,GSM3682444,7 days-old seedling 1 cm roots tips,SRP189094,7 days-old seedling 1 cm roots tips,35S:His6:FLAG:OsRPL18-2,Riboseq RNA
